Semis et démariage de sorgho résumé;{'agriculture', 'organique', 'céréale', 'sorgho', 'millet'};https://www.youtube.com/watch?v=kzs_eynyXaA;1
Quand commencer ses semis;{'faire', 'semis', 'tomates', 'sous', 'couvert', 'direct', 'fevrier', 'période', 'loic', 'carré', 'potager', 'techniques', 'carrés', 'compost', 'jardinage', 'terrine', 'reussir', 'janvier', 'quand', 'jardineur', 'paillage', 'commencer'};https://www.youtube.com/watch?v=_3Gu4rb8R6k;2
les maladies du riz;set();https://www.youtube.com/watch?v=8gPDiR7VaqY;3
Pourquoi les feuilles d'oignon pourrissent-elles si vite ;{'faire', 'légume', 'semis', '10', 'vivant', 'comment', 'débutant', 'faciles', 'maraichage', 'potager', 'semer', 'sol', 'calendrier', 'démarrer', 'permaculture', 'jardinage', 'cultiver', 'quel', 'planter', '2023', 'premiers', 'pousse', 'facilement', 'légumes', 'jardin', 'quels', 'pousser'};https://www.youtube.com/watch?v=ZgAn64jhwlY;4
Comment identifier et traiter les maladies ravageurs et carences des cultures d'oignon;{'problèmes', 'oignon', 'feuilles', 'switzerland', 'cultures', 'tunisie', 'ravageur', 'engrais', 'carences', 'astuces', 'traitements', 'poireau', 'conseil', 'maroc', 'insectes', 'plantation', 'suisse', 'oigon', 'jardinage', 'france', 'algérie', 'cultutre', 'conseilles', 'technique', 'légumes', 'jardin', 'entretien', 'ravageurs', 'belgique', 'culture', 'maladies'};https://www.youtube.com/watch?v=h_YKZniVs9k;5
Comment PLANTER les OIGNONS ;{'planter', 'oignon', 'plantation', 'légume', 'jardinage', 'cultiver', 'oignons', 'potager', 'culture'};https://www.youtube.com/watch?v=cb4WEMOg8jE;6
La GESTION des MALADIES et des RAVAGEURS sous SERRE;{'insecte', 'serre', 'plante', 'jardinage', 'ravageur', 'sous', 'culture', 'maladie'};https://www.youtube.com/watch?v=OxSiD95jr2E;7
Les maladies des tomates;{'jardinier', 'botrytis', 'oidium', 'tomates', 'permaculture', 'jardinage', 'légumes', 'jardin', 'potager', 'maladies'};https://www.youtube.com/watch?v=2YrH9uZi744;8
Cultiver les Tomates et récolter énormément ;{'damien', 'écologie', 'tomates', 'autonomie', 'permaculture', 'serre', 'jardinage', 'tomate', 'cultiver', 'dekarz'};https://www.youtube.com/watch?v=rGTnLAJlCAQ;9
PIMENTS  comment faire sa poudre de piments d'espelette;set();https://www.youtube.com/watch?v=r5D4_cKBRMg;10
Conserver les piments et poivrons - récolte 2018;{'méthode', 'poivron', 'technique', 'conserver', 'séchage', 'déshydratation', 'conservation', 'piment'};https://www.youtube.com/watch?v=MZsTWu1w58w;11
serpentstermites  fourmis comment s'en débarrasser gratuitement;set();https://www.youtube.com/watch?v=81NE2Ffd3Fg;12
TACHES NOIRES sur les FEUILLES DES PLANTES 3 Causes et Solutions ;{'a', 'noires', 'verte', 'plantes', 'feuilles', 'comment', 'brunes', 'pourquoi', 'nettoyer', 'plates', 'car', 'plante', 'succulentes', 'malade', 'éviter', 'brunissent', 'taches'};https://www.youtube.com/watch?v=IcClHcjoygE;13
Le mildiou  identifier et traiter;{'chaine', 'jardinier', 'champignon', 'hubert', 'rusticatv', 'rustica', 'magazine', 'videos', 'tv', 'video', 'jardinage', 'jardin', 'truc', 'astuce', 'youtube', 'maladie', 'rouille'};https://www.youtube.com/watch?v=kpLbSwvHxl8;14
Comment rendre les semences du mil plus résistante à la sécheresse ;set();https://www.youtube.com/watch?v=kKb451U9QWg;15
semis sorgho grain;{'sorghum', 'semis', 'grain', 'tnf80', 'sorgho', 'monosem', 'ng3'};https://www.youtube.com/watch?v=fexR0HSFAao;16
Réussir la Rotation des Cultures dans Votre Potager en 2024 ;{'faire', 'légume', 'semis', '10', 'vivant', 'comment', 'débutant', 'faciles', 'maraichage', 'potager', 'semer', 'sol', 'calendrier', 'démarrer', 'permaculture', 'jardinage', 'cultiver', 'quel', 'planter', '2023', 'premiers', 'pousse', 'facilement', 'légumes', 'jardin', 'quels', 'pousser'};https://www.youtube.com/watch?v=8cHJyIW2nxY;17
10 conseils contre la sécheresse;{'chaine', 'arrosage', 'manque', 'jardinier', 'hubert', 'rusticatv', 'secheresse', 'rustica', 'magazine', 'tv', 'eau', 'economie', 'video', 'jardinage', 'jardin', 'astuce', 'youtube', 'truc'};https://www.youtube.com/watch?v=y_CJYqaUB0c;18
Produire ses graines au potager protéger et conserver ses semences;{'graines', 'semencespaysannes', 'semences', 'insecte', 'autosuffisance', 'oiseau', 'conservation', 'potager', 'maladie', 'légumes'};https://www.youtube.com/watch?v=SD4TmXaoKxw;19
Comment évaluer la maturité du maïs;set();https://www.youtube.com/watch?v=mxV-o7Q626U;20
Canal Agro Météo  Conseils pour améliorer le rendement de l'arachide;{'burkina', 'chqmp', 'entrepreneuriat', 'agribusiness', 'jeunes', 'semences', 'semis', 'agriculture', 'technologies', 'tv', 'agro', 'labourage', 'météo', 'recoltes', 'arachides', 'canal', 'faso', 'production'};https://www.youtube.com/watch?v=sFAFjJvNXXE;21
Attaques de chenilles  comment les éliminer naturellement et facilement ;{'bio', 'thurenge', 'arbres', 'biologique', 'éliminer', 'larve', 'processionnaires', 'noir', 'chenille', 'basile', 'arbustes', 'chenilles', 'trou', 'manger', 'trouer', 'insecte', 'verte', 'efficace', 'comment', 'pommier', 'mangées', 'trous', 'bacille', 'fruitiers', 'phytophage', 'turinge', 'turenge', 'bacil', 'prunier', 'traitement', 'poirier', 'rapide', 'traiter', 'tuer', 'cerisier', 'fruits', 'détruire', 'naturel', 'débarrasser', 'defoliatrice', 'verger', 'thurengensis', 'larves', 'bacillus', 'bassil', 'naturelle', 'simple'};https://www.youtube.com/watch?v=WIM5bDTe0js;22
Le traitement anti puceron naturel qui fonctionne à tous les coups;{'lutter', 'diy', 'contre', 'jardinage', 'pucerons', 'conseil', 'astuce', 'puceron', 'anti'};https://www.youtube.com/watch?v=iBPziOVJGuA;23
Utiliser les ENGRAIS en agriculture;{'chimique', 'plantes', 'fertiliser', 'comment', 'engrais', 'fertilisation', 'agriculture', 'utiliser', 'agricoles', 'npk', 'piment', 'culture'};https://www.youtube.com/watch?v=OtyDt-u4CzQ;24
18   Technique de production de semences de sorgho;set();https://www.youtube.com/watch?v=ZJDZDnRqu0U;25
Préparation du Sol  Semis  Astuces de Shaibu OSMAN pour la culture du maïs MASTROP;{'mas', 'sol', 'semences', 'conseils', 'seeds', 'astuces', 'préparation', 'expert'};https://www.youtube.com/watch?v=jysVA1Vr2Gg;26
FERTILISER un arbre en 1 minute;{'chaine', 'faire', 'arbres', 'fertilisant', 'plantes', 'comment', 'agricole', 'fertiliser', 'fertilisation', 'agriculture', 'plante', 'apport', 'engrais', 'arbre'};https://www.youtube.com/watch?v=gTGDKU3yjt0;27
Planter le MANIOC en 1 minute;{'chaine', 'bouture', 'youtube', 'semis', 'agricole', 'comment', 'manioc', 'agriculture', 'boutures', 'video', 'planter', 'semer'};https://www.youtube.com/watch?v=JwukBe1bk6I;28
Cultiver le COCOTIER ;{'chaine', 'coco', 'semis', 'agricole', 'comment', 'agriculture', 'cocotier', 'cultiver', 'planter', 'culture', 'semer', 'noix'};https://www.youtube.com/watch?v=t1lIC9UvcFo;29
Cultiver le chou Fait maison;{'plantation', 'comment', 'semis', 'produire', 'culture', 'agriculture', 'cultiver', 'planter', 'chou', 'production'};https://www.youtube.com/watch?v=5lIfmfWpPp4;30
Comment obtenir un Citronnier Nain marcotage du citronnier;{'citronnier', 'faire', 'comment', 'obtenir', 'nain', 'marcotage', 'culture'};https://www.youtube.com/watch?v=ydlDShbrQEs;31
Comment Planter le Piment à l'envers Gagnez plus en espace et en rendement;{'a', 'comment', 'pot', 'piment', 'planter', 'culture', 'envers'};https://www.youtube.com/watch?v=B4CAszZGbJ4;32
Cultiver le Gingembre dans des sacs de ciment Recyclage de sacs de ciment;{'ciment', 'sol', 'sacs', 'gingembre', 'hors', 'comment', 'pot', 'sac', 'cultiver', 'culture', 'production'};https://www.youtube.com/watch?v=adjyR-4YQOE;33
Faire pousser l'Ananas dans l'eau Plus rentable;{'faire', 'agriculture', 'eau', 'cultiver', 'ananas', 'pousser', 'culture', 'production'};https://www.youtube.com/watch?v=EG7R0gRPsSI;34
Faire pousser des aubergines à partir des graines Culture de l'Aubergine;{'a', 'graines', 'faire', 'aubergines', 'cultiver', 'partir', 'pousser', 'aubergine', 'culture', 'semer', 'production'};https://www.youtube.com/watch?v=Hu0rTXsrz-g;35
Cultiver les arachides dans des seaux facile et simple;{'pots', 'comment', 'arachide', 'cultiver', 'culture'};https://www.youtube.com/watch?v=81wuDymY_mA;36
Cultiver le Radis Blanc du semis à la récolte;{'comment', 'cultiver', 'radis', 'planter', 'culture', 'blanc'};https://www.youtube.com/watch?v=Q6N5i93GRNs;37
Cultiver la Patate Douce dans des caisses;{'douce', 'comment', 'cultiver', 'patate', 'planter', 'culture', 'production'};https://www.youtube.com/watch?v=zSMSdFq-gJQ;38
Cultiver l'Oignon Vert dans des bouteilles plastique;set();https://www.youtube.com/watch?v=hEUZYxV39To;39
Planter des Carottes dans des Sacs Plastiques;{'sol', 'planter', 'sacs', 'hors', 'semis', 'comment', 'agricole', 'agriculture', 'carottes', 'plastiques', 'tutos', 'carotte', 'production'};https://www.youtube.com/watch?v=pG5lamcSX34;40
Production de Patate Douce dans des Sacs Plastiques Bonus Recette cuisine de patate douce;{'douce', 'sol', 'plastiques', 'sacs', 'hors', 'comment', 'produire', 'agriculture', 'cultiver', 'patate', 'planter', 'semer', 'production'};https://www.youtube.com/watch?v=OMLqElVN-tk;41
Comment regreffer sa vigne en 6 étapes  le tutoriel Réussir Vigne;set();https://www.youtube.com/watch?v=anoGHU6-Hx4;42
Comment planter des radis - Tutoriel Jardinage - Silence ça pousse ;{'breham', 'bio', 'replay', 'marie', 'tolila', 'saison', 'carole', 'emission', 'plantes', 'stéphane', 'terrasse', 'ça', 'panqiue', 'potager', 'noelle', '5', 'balcon', 'stephane', 'plantation', 'télévisions', 'tv', 'france', 'jardinage', 'cour', 'pousse', 'plante', 'silence', 'nature', 'jardin', 'radis'};https://www.youtube.com/watch?v=sb7fg6LAiig;43
Les haricots jardinage potager bio  Ne jeter plus les cosses TUTO;{'bio', 'plus', 'secs', 'engrais', 'espagne', 'organique', 'haricots', 'azote', 'potager', 'permaculture', 'jardinage', 'naturel', 'conservation', 'cosses', 'tuto', 'amendement', 'diy', 'jeter', 'jardin', 'amender', 'culture'};https://www.youtube.com/watch?v=EPjg5LjDE0E;44
Comment installer un arrosage goutte à goutte ;{'arrosage', 'programmation', 'irrigation', 'automatique', 'installer', 'olivier', 'goutte', 'potager'};https://www.youtube.com/watch?v=BsgtnkXc-LE;45
10 ASTUCES POUR CONSTRUIRE UNE SERRE  TOMATES EN BOIS PAS CHÈRE EN 2023 Tuto construction serre;{'fait', 'maison', 'bio', 'tomates', 'chère', 'sous', 'abris', 'auto', 'mini', 'vivant', 'fabriquer', 'comment', 'bois', 'construction', 'maraichage', 'potager', 'sol', 'agroécologie', 'serre', 'autonomie', 'permaculture', 'hiver', 'tomate', 'tuto', 'jardin'};https://www.youtube.com/watch?v=dRm5EOAvqBY;46
Comment planter des piments   - Truffaut;{'jardinerie', 'planter', 'faire', 'truffaut', 'comment', 'quand', 'cayenne', 'cultiver', 'recolte', 'piment', 'potager', 'culture', 'semer', 'pousser'};https://www.youtube.com/watch?v=pnG_8ULo5kM;47